,16,17,18,19,20,21,22,23,24,25,26,27,28,29,30,31,32,33,34,35,36,37,38,39,40,41,42,43,44,45,46,47,48,49,50,51,52,53,54,55,56,57,58,59,60,61,62,63,64,65,66,67,68,69,70,71,72,73,74,75,76,77,78,79,80,81,82,83,84,85,86,87,88,89,90,91,92,93,94,95,96,97,98,99,100,101,102,103,104,105
0,412,369,324,288,245,197,171,147,128,102,85,73,57,47,41,35,27,18,10,7,4,0,0,0,0,0,0,0,0,0,0,0,0,0,0,0,0,0,0,0,0,0,0,0,0,0,0,0,0,0,0,0,0,0,0,0,0,0,0,0,0,0,0,0,0,0,0,0,0,0,0,0,0,0,0,0,0,0,0,0,0,0,0,0,0,0,0,0,0,0
1,2109,1900,1697,1494,1278,1074,900,771,631,511,401,334,270,219,171,134,94,68,48,36,22,11,0,0,0,0,0,0,0,0,0,0,0,0,0,0,0,0,0,0,0,0,0,0,0,0,0,0,0,0,0,0,0,0,0,0,0,0,0,0,0,0,0,0,0,0,0,0,0,0,0,0,0,0,0,0,0,0,0,0,0,0,0,0,0,0,0,0,0,0
2,2363,2130,1904,1688,1451,1228,1043,875,723,598,478,402,327,268,213,172,128,89,67,54,38,24,13,0,0,0,0,0,0,0,0,0,0,0,0,0,0,0,0,0,0,0,0,0,0,0,0,0,0,0,0,0,0,0,0,0,0,0,0,0,0,0,0,0,0,0,0,0,0,0,0,0,0,0,0,0,0,0,0,0,0,0,0,0,0,0,0,0,0,0
3,2667,2405,2154,1912,1663,1416,1209,1019,841,699,566,479,394,324,260,213,163,123,88,74,55,40,26,13,0,0,0,0,0,0,0,0,0,0,0,0,0,0,0,0,0,0,0,0,0,0,0,0,0,0,0,0,0,0,0,0,0,0,0,0,0,0,0,0,0,0,0,0,0,0,0,0,0,0,0,0,0,0,0,0,0,0,0,0,0,0,0,0,0,0
4,2966,2701,2418,2150,1883,1615,1371,1166,970,793,646,547,457,376,305,246,197,151,113,90,70,52,38,21,8,0,0,0,0,0,0,0,0,0,0,0,0,0,0,0,0,0,0,0,0,0,0,0,0,0,0,0,0,0,0,0,0,0,0,0,0,0,0,0,0,0,0,0,0,0,0,0,0,0,0,0,0,0,0,0,0,0,0,0,0,0,0,0,0,0
5,3295,3009,2701,2397,2104,1810,1550,1325,1104,916,736,634,532,447,371,303,251,198,158,132,98,76,62,44,27,17,0,0,0,0,0,0,0,0,0,0,0,0,0,0,0,0,0,0,0,0,0,0,0,0,0,0,0,0,0,0,0,0,0,0,0,0,0,0,0,0,0,0,0,0,0,0,0,0,0,0,0,0,0,0,0,0,0,0,0,0,0,0,0,0
6,3753,3292,2961,2637,2319,2004,1723,1488,1245,1042,849,721,616,517,432,353,293,234,187,157,119,91,74,56,38,25,9,0,0,0,0,0,0,0,0,0,0,0,0,0,0,0,0,0,0,0,0,0,0,0,0,0,0,0,0,0,0,0,0,0,0,0,0,0,0,0,0,0,0,0,0,0,0,0,0,0,0,0,0,0,0,0,0,0,0,0,0,0,0,0
7,4350,3784,3265,2908,2561,2209,1888,1631,1378,1161,946,811,684,580,487,405,339,271,220,188,150,123,97,78,55,44,27,16,0,0,0,0,0,0,0,0,0,0,0,0,0,0,0,0,0,0,0,0,0,0,0,0,0,0,0,0,0,0,0,0,0,0,0,0,0,0,0,0,0,0,0,0,0,0,0,0,0,0,0,0,0,0,0,0,0,0,0,0,0,0
8,5015,4376,3725,3222,2849,2459,2101,1823,1541,1302,1065,911,772,647,543,455,387,313,261,221,182,150,124,101,78,64,44,34,17,0,0,0,0,0,0,0,0,0,0,0,0,0,0,0,0,0,0,0,0,0,0,0,0,0,0,0,0,0,0,0,0,0,0,0,0,0,0,0,0,0,0,0,0,0,0,0,0,0,0,0,0,0,0,0,0,0,0,0,0,0
9,5744,5013,4299,3662,3156,2726,2331,2027,1718,1452,1202,1020,869,736,613,520,448,371,314,270,223,183,153,126,91,76,53,43,25,6,0,0,0,0,0,0,0,0,0,0,0,0,0,0,0,0,0,0,0,0,0,0,0,0,0,0,0,0,0,0,0,0,0,0,0,0,0,0,0,0,0,0,0,0,0,0,0,0,0,0,0,0,0,0,0,0,0,0,0,0
10,6545,5773,4952,4273,3610,3037,2621,2284,1943,1651,1377,1182,1012,861,729,604,526,443,378,322,270,227,192,160,126,97,74,63,44,22,16,0,0,0,0,0,0,0,0,0,0,0,0,0,0,0,0,0,0,0,0,0,0,0,0,0,0,0,0,0,0,0,0,0,0,0,0,0,0,0,0,0,0,0,0,0,0,0,0,0,0,0,0,0,0,0,0,0,0,0
11,7430,6586,5710,4927,4196,3480,2905,2540,2173,1859,1561,1352,1162,989,849,715,614,527,453,388,332,285,246,208,167,135,99,84,59,31,25,7,0,0,0,0,0,0,0,0,0,0,0,0,0,0,0,0,0,0,0,0,0,0,0,0,0,0,0,0,0,0,0,0,0,0,0,0,0,0,0,0,0,0,0,0,0,0,0,0,0,0,0,0,0,0,0,0,0,0
12,8524,7482,6515,5661,4813,4017,3320,2825,2430,2088,1762,1531,1321,1141,989,841,737,628,551,480,422,369,320,277,230,194,156,124,94,64,56,34,25,0,0,0,0,0,0,0,0,0,0,0,0,0,0,0,0,0,0,0,0,0,0,0,0,0,0,0,0,0,0,0,0,0,0,0,0,0,0,0,0,0,0,0,0,0,0,0,0,0,0,0,0,0,0,0,0,0
13,9837,8572,7377,6439,5487,4584,3799,3190,2694,2335,1965,1718,1493,1293,1131,975,859,745,645,568,502,443,389,338,287,241,200,165,122,87,79,55,43,18,0,0,0,0,0,0,0,0,0,0,0,0,0,0,0,0,0,0,0,0,0,0,0,0,0,0,0,0,0,0,0,0,0,0,0,0,0,0,0,0,0,0,0,0,0,0,0,0,0,0,0,0,0,0,0,0
14,11189,9768,8348,7228,6177,5226,4323,3628,3060,2606,2200,1928,1683,1454,1280,1106,988,860,755,661,586,516,457,401,342,294,251,208,165,117,108,80,63,33,14,0,0,0,0,0,0,0,0,0,0,0,0,0,0,0,0,0,0,0,0,0,0,0,0,0,0,0,0,0,0,0,0,0,0,0,0,0,0,0,0,0,0,0,0,0,0,0,0,0,0,0,0,0,0,0
15,12730,11121,9546,8187,6939,5893,4946,4165,3528,2963,2491,2199,1937,1689,1492,1296,1164,1027,913,800,698,618,547,488,427,367,318,269,222,169,149,117,95,62,42,26,0,0,0,0,0,0,0,0,0,0,0,0,0,0,0,0,0,0,0,0,0,0,0,0,0,0,0,0,0,0,0,0,0,0,0,0,0,0,0,0,0,0,0,0,0,0,0,0,0,0,0,0,0,0
16,15138,12534,10786,9234,7785,6533,5477,4658,3931,3325,2789,2426,2143,1886,1672,1459,1320,1172,1042,925,819,722,648,581,512,444,389,333,283,225,201,154,129,94,70,50,21,0,0,0,0,0,0,0,0,0,0,0,0,0,0,0,0,0,0,0,0,0,0,0,0,0,0,0,0,0,0,0,0,0,0,0,0,0,0,0,0,0,0,0,0,0,0,0,0,0,0,0,0,0
17,12534,14812,12150,10399,8752,7306,6090,5190,4410,3751,3181,2747,2411,2134,1912,1680,1524,1361,1216,1087,963,858,762,684,610,529,463,402,346,284,257,208,169,129,102,78,47,22,0,0,0,0,0,0,0,0,0,0,0,0,0,0,0,0,0,0,0,0,0,0,0,0,0,0,0,0,0,0,0,0,0,0,0,0,0,0,0,0,0,0,0,0,0,0,0,0,0,0,0,0
18,10786,12150,14387,11677,9817,8228,6823,5800,4942,4242,3606,3134,2749,2428,2189,1941,1756,1577,1421,1284,1147,1010,905,803,719,629,557,482,415,349,317,265,221,166,131,104,70,41,19,0,0,0,0,0,0,0,0,0,0,0,0,0,0,0,0,0,0,0,0,0,0,0,0,0,0,0,0,0,0,0,0,0,0,0,0,0,0,0,0,0,0,0,0,0,0,0,0,0,0,0
19,9234,10399,11677,14015,11107,9309,7704,6499,5479,4728,4049,3519,3094,2726,2445,2176,1980,1795,1625,1469,1317,1167,1054,932,835,735,657,571,497,428,384,330,281,219,169,139,101,68,44,23,0,0,0,0,0,0,0,0,0,0,0,0,0,0,0,0,0,0,0,0,0,0,0,0,0,0,0,0,0,0,0,0,0,0,0,0,0,0,0,0,0,0,0,0,0,0,0,0,0,0
20,7785,8752,9817,11107,13433,10533,8741,7395,6205,5311,4565,4005,3541,3123,2810,2502,2284,2084,1878,1718,1545,1380,1251,1115,1000,873,786,689,611,530,473,416,362,290,236,196,157,110,82,56,27,0,0,0,0,0,0,0,0,0,0,0,0,0,0,0,0,0,0,0,0,0,0,0,0,0,0,0,0,0,0,0,0,0,0,0,0,0,0,0,0,0,0,0,0,0,0,0,0,0
21,6533,7306,8228,9309,10533,12924,9989,8437,7139,6072,5208,4574,4069,3581,3226,2874,2602,2380,2167,1983,1773,1593,1450,1308,1164,1030,922,809,732,636,571,512,445,370,313,271,208,156,125,96,61,34,0,0,0,0,0,0,0,0,0,0,0,0,0,0,0,0,0,0,0,0,0,0,0,0,0,0,0,0,0,0,0,0,0,0,0,0,0,0,0,0,0,0,0,0,0,0,0,0
22,5477,6090,6823,7704,8741,9989,12424,9781,8202,7028,5966,5212,4633,4124,3692,3300,2979,2719,2483,2270,2032,1828,1668,1516,1365,1222,1106,963,869,756,684,618,536,460,390,340,270,202,164,130,93,60,24,0,0,0,0,0,0,0,0,0,0,0,0,0,0,0,0,0,0,0,0,0,0,0,0,0,0,0,0,0,0,0,0,0,0,0,0,0,0,0,0,0,0,0,0,0,0,0
23,4658,5190,5800,6499,7395,8437,9781,12268,9589,8208,6986,6022,5326,4748,4257,3810,3435,3133,2843,2605,2361,2125,1935,1777,1599,1441,1301,1136,1016,893,815,741,648,552,474,413,339,270,219,179,137,99,58,31,0,0,0,0,0,0,0,0,0,0,0,0,0,0,0,0,0,0,0,0,0,0,0,0,0,0,0,0,0,0,0,0,0,0,0,0,0,0,0,0,0,0,0,0,0,0
24,3931,4410,4942,5479,6205,7139,8202,9589,12020,9544,8138,7052,6191,5480,4908,4415,3963,3618,3268,2978,2702,2459,2240,2063,1872,1696,1544,1355,1223,1068,982,897,799,686,598,524,435,356,294,234,184,142,95,64,29,0,0,0,0,0,0,0,0,0,0,0,0,0,0,0,0,0,0,0,0,0,0,0,0,0,0,0,0,0,0,0,0,0,0,0,0,0,0,0,0,0,0,0,0,0
25,3325,3751,4242,4728,5311,6072,7028,8208,9544,11961,9423,8176,7173,6260,5582,5030,4536,4123,3724,3386,3064,2801,2559,2365,2144,1946,1783,1580,1429,1254,1143,1041,928,807,708,623,526,443,367,299,233,185,138,102,64,32,0,0,0,0,0,0,0,0,0,0,0,0,0,0,0,0,0,0,0,0,0,0,0,0,0,0,0,0,0,0,0,0,0,0,0,0,0,0,0,0,0,0,0,0
26,2789,3181,3606,4049,4565,5208,5966,6986,8138,9423,11885,9535,8386,7333,6468,5786,5211,4753,4285,3903,3526,3201,2918,2711,2462,2240,2052,1831,1667,1472,1343,1209,1079,944,838,744,634,538,457,373,304,230,175,138,95,59,24,0,0,0,0,0,0,0,0,0,0,0,0,0,0,0,0,0,0,0,0,0,0,0,0,0,0,0,0,0,0,0,0,0,0,0,0,0,0,0,0,0,0,0
27,2426,2747,3134,3519,4005,4574,5212,6022,7052,8176,9535,12095,9853,8660,7630,6724,6018,5494,4982,4531,4099,3719,3346,3106,2828,2573,2359,2115,1937,1727,1583,1436,1264,1115,1000,890,761,647,557,465,384,303,222,179,132,91,58,31,0,0,0,0,0,0,0,0,0,0,0,0,0,0,0,0,0,0,0,0,0,0,0,0,0,0,0,0,0,0,0,0,0,0,0,0,0,0,0,0,0,0
28,2143,2411,2749,3094,3541,4069,4633,5326,6191,7173,8386,9853,12417,10161,8963,7930,7002,6339,5742,5228,4695,4264,3842,3502,3201,2921,2682,2423,2216,1986,1830,1659,1472,1281,1160,1033,895,766,667,559,468,382,297,239,186,137,99,62,30,0,0,0,0,0,0,0,0,0,0,0,0,0,0,0,0,0,0,0,0,0,0,0,0,0,0,0,0,0,0,0,0,0,0,0,0,0,0,0,0,0
29,1886,2134,2428,2726,3123,3581,4124,4748,5480,6260,7333,8660,10161,12712,10462,9253,8202,7339,6594,5986,5408,4897,4414,4025,3627,3322,3067,2757,2527,2272,2093,1906,1705,1506,1344,1199,1050,906,791,673,573,477,389,327,237,182,142,100,62,30,0,0,0,0,0,0,0,0,0,0,0,0,0,0,0,0,0,0,0,0,0,0,0,0,0,0,0,0,0,0,0,0,0,0,0,0,0,0,0,0
30,1672,1912,2189,2445,2810,3226,3692,4257,4908,5582,6468,7630,8963,10462,13052,10701,9497,8509,7591,6859,6197,5631,5056,4609,4137,3703,3431,3101,2834,2564,2366,2158,1936,1714,1541,1360,1189,1031,909,782,671,561,462,400,300,218,176,131,89,55,23,0,0,0,0,0,0,0,0,0,0,0,0,0,0,0,0,0,0,0,0,0,0,0,0,0,0,0,0,0,0,0,0,0,0,0,0,0,0,0
31,1459,1680,1941,2176,2502,2874,3300,3810,4415,5030,5786,6724,7930,9253,10701,13316,10992,9836,8778,7850,7022,6370,5742,5199,4667,4168,3793,3444,3152,2851,2637,2408,2175,1940,1747,1552,1339,1176,1037,904,780,658,552,478,374,288,224,172,125,86,51,28,0,0,0,0,0,0,0,0,0,0,0,0,0,0,0,0,0,0,0,0,0,0,0,0,0,0,0,0,0,0,0,0,0,0,0,0,0,0
32,1320,1524,1756,1980,2284,2602,2979,3435,3963,4536,5211,6018,7002,8202,9497,10992,13624,11339,10120,9041,8027,7219,6521,5937,5305,4745,4301,3813,3501,3186,2926,2666,2415,2169,1962,1739,1520,1310,1160,1014,876,750,624,546,431,340,276,205,160,120,84,59,27,0,0,0,0,0,0,0,0,0,0,0,0,0,0,0,0,0,0,0,0,0,0,0,0,0,0,0,0,0,0,0,0,0,0,0,0,0
33,1172,1361,1577,1795,2084,2380,2719,3133,3618,4123,4753,5494,6339,7339,8509,9836,11339,13981,11730,10474,9308,8311,7433,6768,6055,5414,4895,4349,3908,3566,3286,2994,2718,2452,2224,1986,1742,1512,1321,1162,1014,865,729,643,519,422,353,283,203,161,121,95,60,29,0,0,0,0,0,0,0,0,0,0,0,0,0,0,0,0,0,0,0,0,0,0,0,0,0,0,0,0,0,0,0,0,0,0,0,0
34,1042,1216,1421,1625,1878,2167,2483,2843,3268,3724,4285,4982,5742,6594,7591,8778,10120,11730,14278,11972,10657,9535,8485,7663,6901,6189,5581,4972,4464,3972,3677,3358,3042,2745,2505,2249,1987,1740,1534,1309,1158,999,854,750,615,510,435,362,283,213,165,138,96,58,27,0,0,0,0,0,0,0,0,0,0,0,0,0,0,0,0,0,0,0,0,0,0,0,0,0,0,0,0,0,0,0,0,0,0,0
35,925,1087,1284,1469,1718,1983,2270,2605,2978,3386,3903,4531,5228,5986,6859,7850,9041,10474,11972,14622,12268,10954,9758,8742,7834,7024,6359,5644,5085,4522,4068,3734,3400,3066,2807,2529,2258,1990,1764,1532,1334,1165,1013,901,753,636,553,468,384,305,230,199,152,112,75,45,0,0,0,0,0,0,0,0,0,0,0,0,0,0,0,0,0,0,0,0,0,0,0,0,0,0,0,0,0,0,0,0,0,0
36,819,963,1147,1317,1545,1773,2032,2361,2702,3064,3526,4099,4695,5408,6197,7022,8027,9308,10657,12268,14826,12515,11174,10019,8902,7911,7170,6413,5767,5134,4594,4119,3759,3404,3105,2789,2508,2225,1973,1720,1520,1307,1142,1026,873,742,655,560,469,378,299,246,196,154,113,79,32,0,0,0,0,0,0,0,0,0,0,0,0,0,0,0,0,0,0,0,0,0,0,0,0,0,0,0,0,0,0,0,0,0
37,722,858,1010,1167,1380,1593,1828,2125,2459,2801,3201,3719,4264,4897,5631,6370,7219,8311,9535,10954,12515,15102,12668,11314,10082,8914,8039,7216,6509,5786,5182,4635,4124,3744,3425,3068,2769,2468,2211,1947,1717,1497,1283,1157,998,860,763,660,555,459,369,315,236,188,147,110,59,26,0,0,0,0,0,0,0,0,0,0,0,0,0,0,0,0,0,0,0,0,0,0,0,0,0,0,0,0,0,0,0,0
38,648,762,905,1054,1251,1450,1668,1935,2240,2559,2918,3346,3842,4414,5056,5742,6521,7433,8485,9758,11174,12668,15265,12875,11487,10171,9085,8107,7330,6567,5876,5286,4673,4142,3795,3410,3083,2741,2456,2185,1942,1699,1475,1292,1120,965,861,753,641,535,440,383,301,228,183,141,87,50,22,0,0,0,0,0,0,0,0,0,0,0,0,0,0,0,0,0,0,0,0,0,0,0,0,0,0,0,0,0,0,0
39,581,684,803,932,1115,1308,1516,1777,2063,2365,2711,3106,3502,4025,4609,5199,5937,6768,7663,8742,10019,11314,12875,15343,12952,11458,10257,9094,8168,7347,6615,5921,5251,4625,4135,3728,3376,3000,2689,2403,2158,1905,1652,1457,1232,1071,967,847,728,618,518,451,363,290,209,162,107,67,37,13,0,0,0,0,0,0,0,0,0,0,0,0,0,0,0,0,0,0,0,0,0,0,0,0,0,0,0,0,0,0
40,512,610,719,835,1000,1164,1365,1599,1872,2144,2462,2828,3201,3627,4137,4667,5305,6055,6901,7834,8902,10082,11487,12952,15488,12973,11615,10288,9166,8210,7404,6667,5893,5230,4623,4086,3710,3315,2983,2656,2389,2130,1874,1654,1415,1195,1079,960,831,717,608,535,444,370,287,213,157,112,78,52,38,0,0,0,0,0,0,0,0,0,0,0,0,0,0,0,0,0,0,0,0,0,0,0,0,0,0,0,0,0
41,444,529,629,735,873,1030,1222,1441,1696,1946,2240,2573,2921,3322,3703,4168,4745,5414,6189,7024,7911,8914,10171,11458,12973,15355,13056,11589,10326,9195,8284,7484,6671,5890,5249,4592,4093,3668,3318,2959,2670,2392,2119,1883,1614,1384,1202,1078,939,819,705,623,524,445,357,279,200,155,119,87,65,23,0,0,0,0,0,0,0,0,0,0,0,0,0,0,0,0,0,0,0,0,0,0,0,0,0,0,0,0
42,389,463,557,657,786,922,1106,1301,1544,1783,2052,2359,2682,3067,3431,3793,4301,4895,5581,6359,7170,8039,9085,10257,11615,13056,15411,13045,11582,10326,9222,8307,7430,6604,5878,5161,4550,4008,3640,3253,2949,2647,2358,2110,1835,1577,1391,1207,1058,933,813,724,614,523,432,346,257,196,156,121,96,53,29,0,0,0,0,0,0,0,0,0,0,0,0,0,0,0,0,0,0,0,0,0,0,0,0,0,0,0
43,333,402,482,571,689,809,963,1136,1355,1580,1831,2115,2423,2757,3101,3444,3813,4349,4972,5644,6413,7216,8107,9094,10288,11589,13045,15389,13089,11670,10443,9340,8337,7441,6651,5853,5169,4528,4017,3611,3283,2949,2635,2368,2072,1807,1586,1381,1175,1048,921,826,709,612,510,423,325,260,203,165,135,88,58,25,0,0,0,0,0,0,0,0,0,0,0,0,0,0,0,0,0,0,0,0,0,0,0,0,0,0
44,283,346,415,497,611,732,869,1016,1223,1429,1667,1937,2216,2527,2834,3152,3501,3908,4464,5085,5767,6509,7330,8168,9166,10326,11582,13089,15364,13061,11655,10435,9282,8256,7415,6567,5804,5096,4484,3984,3629,3270,2926,2634,2311,2038,1807,1571,1360,1183,1043,947,818,713,602,502,400,327,267,213,178,123,87,52,23,0,0,0,0,0,0,0,0,0,0,0,0,0,0,0,0,0,0,0,0,0,0,0,0,0
45,225,284,349,428,530,636,756,893,1068,1254,1472,1727,1986,2272,2564,2851,3186,3566,3972,4522,5134,5786,6567,7347,8210,9195,10326,11670,13061,15336,13029,11645,10380,9214,8256,7339,6531,5728,5054,4463,4009,3630,3256,2934,2594,2303,2056,1804,1564,1379,1179,1072,931,823,702,592,481,398,333,273,221,165,125,86,52,24,0,0,0,0,0,0,0,0,0,0,0,0,0,0,0,0,0,0,0,0,0,0,0,0
46,201,257,317,384,473,571,684,815,982,1143,1343,1583,1830,2093,2366,2637,2926,3286,3677,4068,4594,5182,5876,6615,7404,8284,9222,10443,11655,13029,15311,13014,11602,10326,9194,8163,7276,6434,5682,5040,4497,4034,3633,3294,2922,2600,2330,2076,1816,1585,1373,1212,1059,943,816,696,573,482,408,344,287,206,164,123,83,51,22,0,0,0,0,0,0,0,0,0,0,0,0,0,0,0,0,0,0,0,0,0,0,0
47,154,208,265,330,416,512,618,741,897,1041,1209,1436,1659,1906,2158,2408,2666,2994,3358,3734,4119,4635,5286,5921,6667,7484,8307,9340,10435,11645,13014,15181,12944,11444,10199,8999,8003,7118,6346,5631,5040,4486,4005,3639,3257,2907,2601,2330,2053,1806,1562,1397,1189,1068,926,798,668,561,486,416,350,264,201,156,113,77,44,19,0,0,0,0,0,0,0,0,0,0,0,0,0,0,0,0,0,0,0,0,0,0
48,129,169,221,281,362,445,536,648,799,928,1079,1264,1472,1705,1936,2175,2415,2718,3042,3400,3759,4124,4673,5251,5893,6671,7430,8337,9282,10380,11602,12944,14854,12640,11243,9929,8759,7775,6953,6187,5532,4923,4359,3944,3542,3182,2859,2560,2275,2024,1767,1563,1347,1174,1025,892,756,644,560,478,409,318,251,188,147,110,73,43,20,0,0,0,0,0,0,0,0,0,0,0,0,0,0,0,0,0,0,0,0,0
49,94,129,166,219,290,370,460,552,686,807,944,1115,1281,1506,1714,1940,2169,2452,2745,3066,3404,3744,4142,4625,5230,5890,6604,7441,8256,9214,10326,11444,12640,14638,12431,10946,9684,8538,7621,6816,6128,5449,4834,4345,3887,3503,3163,2839,2529,2261,1986,1772,1528,1345,1145,999,860,739,644,555,478,381,309,241,174,133,95,59,36,13,0,0,0,0,0,0,0,0,0,0,0,0,0,0,0,0,0,0,0,0
50,70,102,131,169,236,313,390,474,598,708,838,1000,1160,1344,1541,1747,1962,2224,2505,2807,3105,3425,3795,4135,4623,5249,5878,6651,7415,8256,9194,10199,11243,12431,14389,12154,10697,9438,8364,7466,6721,6022,5352,4800,4252,3822,3457,3121,2776,2484,2196,1959,1703,1497,1280,1091,945,816,715,621,534,431,353,278,212,158,118,77,50,24,10,0,0,0,0,0,0,0,0,0,0,0,0,0,0,0,0,0,0,0
51,50,78,104,139,196,271,340,413,524,623,744,890,1033,1199,1360,1552,1739,1986,2249,2529,2789,3068,3410,3728,4086,4592,5161,5853,6567,7339,8163,8999,9929,10946,12154,13967,11815,10345,9190,8113,7304,6571,5858,5246,4661,4157,3755,3394,3030,2708,2397,2155,1884,1667,1420,1221,1033,897,796,697,604,489,409,326,254,197,135,91,63,36,19,3,0,0,0,0,0,0,0,0,0,0,0,0,0,0,0,0,0,0
52,21,47,70,101,157,208,270,339,435,526,634,761,895,1050,1189,1339,1520,1742,1987,2258,2508,2769,3083,3376,3710,4093,4550,5169,5804,6531,7276,8003,8759,9684,10697,11815,13570,11416,10042,8897,7937,7144,6388,5740,5123,4577,4099,3704,3316,2991,2655,2390,2104,1880,1616,1386,1190,1000,890,781,683,564,471,383,306,239,168,104,75,46,27,9,5,0,0,0,0,0,0,0,0,0,0,0,0,0,0,0,0,0
53,0,22,41,68,110,156,202,270,356,443,538,647,766,906,1031,1176,1310,1512,1740,1990,2225,2468,2741,3000,3315,3668,4008,4528,5096,5728,6434,7118,7775,8538,9438,10345,11416,13108,11083,9760,8700,7769,6957,6270,5621,5029,4502,4035,3605,3266,2921,2632,2318,2082,1805,1562,1340,1143,991,875,769,645,542,449,363,290,210,144,95,63,41,20,13,6,0,0,0,0,0,0,0,0,0,0,0,0,0,0,0,0
54,0,0,19,44,82,125,164,219,294,367,457,557,667,791,909,1037,1160,1321,1534,1764,1973,2211,2456,2689,2983,3318,3640,4017,4484,5054,5682,6346,6953,7621,8364,9190,10042,11083,12687,10728,9495,8499,7558,6805,6130,5512,4933,4414,3924,3559,3190,2889,2551,2293,2007,1757,1526,1300,1132,981,863,730,619,516,420,339,257,184,129,79,52,29,20,10,3,0,0,0,0,0,0,0,0,0,0,0,0,0,0,0
55,0,0,0,23,56,96,130,179,234,299,373,465,559,673,782,904,1014,1162,1309,1532,1720,1947,2185,2403,2656,2959,3253,3611,3984,4463,5040,5631,6187,6816,7466,8113,8897,9760,10728,12215,10438,9282,8270,7391,6676,6022,5416,4837,4305,3874,3467,3146,2797,2517,2199,1938,1698,1459,1268,1107,945,803,680,573,468,380,293,214,154,102,69,43,33,23,11,5,0,0,0,0,0,0,0,0,0,0,0,0,0,0
56,0,0,0,0,27,61,93,137,184,233,304,384,468,573,671,780,876,1014,1158,1334,1520,1717,1942,2158,2389,2670,2949,3283,3629,4009,4497,5040,5532,6128,6721,7304,7937,8700,9495,10438,11816,10198,9005,8059,7223,6528,5874,5279,4701,4243,3773,3425,3057,2760,2416,2131,1869,1615,1411,1226,1048,865,736,624,515,419,328,243,175,117,78,46,36,26,14,7,2,0,0,0,0,0,0,0,0,0,0,0,0,0
57,0,0,0,0,0,34,60,99,142,185,230,303,382,477,561,658,750,865,999,1165,1307,1497,1699,1905,2130,2392,2647,2949,3270,3630,4034,4486,4923,5449,6022,6571,7144,7769,8499,9282,10198,11556,9931,8837,7925,7100,6394,5768,5164,4657,4144,3728,3327,3014,2647,2325,2025,1761,1543,1343,1142,954,788,675,558,457,358,272,200,137,92,59,45,35,20,9,2,0,0,0,0,0,0,0,0,0,0,0,0,0
58,0,0,0,0,0,0,24,58,95,138,175,222,297,389,462,552,624,729,854,1013,1142,1283,1475,1652,1874,2119,2358,2635,2926,3256,3633,4005,4359,4834,5352,5858,6388,6957,7558,8270,9005,9931,11207,9652,8602,7710,6879,6217,5578,5049,4501,4054,3607,3272,2891,2557,2220,1935,1717,1502,1288,1056,884,729,610,500,391,298,221,152,102,66,50,37,21,9,2,0,0,0,0,0,0,0,0,0,0,0,0,0
59,0,0,0,0,0,0,0,31,64,102,138,179,239,327,400,478,546,643,750,901,1026,1157,1292,1457,1654,1883,2110,2368,2634,2934,3294,3639,3944,4345,4800,5246,5740,6270,6805,7391,8059,8837,9652,10948,9457,8395,7521,6763,6093,5534,4969,4473,3993,3590,3193,2837,2485,2172,1913,1685,1456,1206,1001,835,665,549,438,334,251,178,126,84,69,51,29,14,7,2,2,0,0,0,0,0,0,0,0,0,0,0
60,0,0,0,0,0,0,0,0,29,64,95,132,186,237,300,374,431,519,615,753,873,998,1120,1232,1415,1614,1835,2072,2311,2594,2922,3257,3542,3887,4252,4661,5123,5621,6130,6676,7223,7925,8602,9457,10689,9259,8216,7402,6642,6033,5437,4910,4397,3935,3498,3119,2756,2422,2138,1874,1624,1364,1140,939,756,592,474,365,278,202,144,98,80,58,34,17,9,3,3,0,0,0,0,0,0,0,0,0,0,0
61,0,0,0,0,0,0,0,0,0,32,59,91,137,182,218,288,340,422,510,636,742,860,965,1071,1195,1384,1577,1807,2038,2303,2600,2907,3182,3503,3822,4157,4577,5029,5512,6022,6528,7100,7710,8395,9259,10432,9018,8051,7232,6526,5888,5332,4787,4294,3818,3367,2980,2631,2327,2037,1766,1497,1262,1048,847,673,515,402,314,234,167,118,93,67,42,24,13,6,7,2,2,1,0,0,0,0,0,0,0,0
62,0,0,0,0,0,0,0,0,0,0,24,58,99,142,176,224,276,353,435,553,655,763,861,967,1079,1202,1391,1586,1807,2056,2330,2601,2859,3163,3457,3755,4099,4502,4933,5416,5874,6394,6879,7521,8216,9018,10185,8846,7872,7124,6392,5790,5217,4688,4178,3689,3234,2857,2532,2231,1943,1649,1399,1176,957,760,592,437,349,262,190,133,107,75,49,30,18,7,8,3,3,1,0,0,0,0,0,0,0,0
63,0,0,0,0,0,0,0,0,0,0,0,31,62,100,131,172,205,283,362,468,560,660,753,847,960,1078,1207,1381,1571,1804,2076,2330,2560,2839,3121,3394,3704,4035,4414,4837,5279,5768,6217,6763,7402,8051,8846,9907,8596,7729,6944,6256,5644,5092,4550,4034,3523,3090,2759,2449,2144,1816,1535,1292,1068,859,669,506,386,292,218,155,126,88,58,36,21,10,11,5,5,2,1,0,0,0,0,0,0,0
64,0,0,0,0,0,0,0,0,0,0,0,0,30,62,89,125,160,203,283,384,469,555,641,728,831,939,1058,1175,1360,1564,1816,2053,2275,2529,2776,3030,3316,3605,3924,4305,4701,5164,5578,6093,6642,7232,7872,8596,9570,8385,7503,6770,6060,5474,4916,4378,3842,3365,2968,2637,2317,1976,1677,1406,1165,947,752,564,437,320,241,174,140,102,68,44,27,14,13,6,5,2,1,0,0,0,0,0,0,0
65,0,0,0,0,0,0,0,0,0,0,0,0,0,30,55,86,120,161,213,305,378,459,535,618,717,819,933,1048,1183,1379,1585,1806,2024,2261,2484,2708,2991,3266,3559,3874,4243,4657,5049,5534,6033,6526,7124,7729,8385,9275,8116,7274,6514,5866,5278,4724,4169,3655,3210,2830,2491,2147,1832,1534,1266,1030,827,625,485,363,254,187,151,111,74,49,29,16,13,6,5,2,1,0,0,0,0,0,0,0
66,0,0,0,0,0,0,0,0,0,0,0,0,0,0,23,51,84,121,165,230,299,369,440,518,608,705,813,921,1043,1179,1373,1562,1767,1986,2196,2397,2655,2921,3190,3467,3773,4144,4501,4969,5437,5888,6392,6944,7503,8116,9006,7915,7037,6326,5652,5073,4511,3980,3497,3072,2679,2307,1976,1669,1381,1113,896,686,533,393,280,193,156,113,77,52,30,16,13,6,5,2,1,0,0,0,0,0,0,0
67,0,0,0,0,0,0,0,0,0,0,0,0,0,0,0,28,59,95,138,199,246,315,383,451,535,623,724,826,947,1072,1212,1397,1563,1772,1959,2155,2390,2632,2889,3146,3425,3728,4054,4473,4910,5332,5790,6256,6770,7274,7915,8653,7566,6743,6028,5365,4779,4222,3721,3275,2863,2443,2103,1780,1482,1200,963,744,582,437,315,218,170,124,85,57,34,17,14,6,5,2,1,0,0,0,0,0,0,0
68,0,0,0,0,0,0,0,0,0,0,0,0,0,0,0,0,27,60,96,152,196,236,301,363,444,524,614,709,818,931,1059,1189,1347,1528,1703,1884,2104,2318,2551,2797,3057,3327,3607,3993,4397,4787,5217,5644,6060,6514,7037,7566,8298,7239,6420,5709,5071,4499,3975,3502,3060,2604,2213,1875,1573,1282,1027,784,619,469,343,238,188,127,87,59,35,18,14,6,5,2,1,0,0,0,0,0,0,0
69,0,0,0,0,0,0,0,0,0,0,0,0,0,0,0,0,0,29,58,112,154,188,228,290,370,445,523,612,713,823,943,1068,1174,1345,1497,1667,1880,2082,2293,2517,2760,3014,3272,3590,3935,4294,4688,5092,5474,5866,6326,6743,7239,7959,6939,6135,5461,4818,4263,3760,3310,2828,2396,2017,1704,1391,1126,875,692,531,393,276,210,147,100,71,43,23,18,9,6,2,1,0,0,0,0,0,0,0
70,0,0,0,0,0,0,0,0,0,0,0,0,0,0,0,0,0,0,27,75,113,147,183,209,287,357,432,510,602,702,816,926,1025,1145,1280,1420,1616,1805,2007,2199,2416,2647,2891,3193,3498,3818,4178,4550,4916,5278,5652,6028,6420,6939,7664,6643,5873,5192,4575,4054,3585,3072,2621,2205,1825,1494,1216,952,758,577,436,314,241,171,118,81,51,28,22,11,8,3,2,0,0,0,0,0,0,0
71,0,0,0,0,0,0,0,0,0,0,0,0,0,0,0,0,0,0,0,45,79,110,141,162,213,279,346,423,502,592,696,798,892,999,1091,1221,1386,1562,1757,1938,2131,2325,2557,2837,3119,3367,3689,4034,4378,4724,5073,5365,5709,6135,6643,7298,6333,5568,4929,4347,3851,3314,2843,2396,1982,1606,1314,1040,836,643,486,356,274,195,139,98,54,31,24,11,8,3,2,0,0,0,0,0,0,0
72,0,0,0,0,0,0,0,0,0,0,0,0,0,0,0,0,0,0,0,0,32,59,87,107,157,200,257,325,400,481,573,668,756,860,945,1033,1190,1340,1526,1698,1869,2025,2220,2485,2756,2980,3234,3523,3842,4169,4511,4779,5071,5461,5873,6333,6974,6004,5263,4643,4114,3550,3063,2592,2149,1740,1402,1115,902,703,534,390,302,216,158,110,66,37,29,15,12,7,4,1,0,0,0,0,0,0
73,0,0,0,0,0,0,0,0,0,0,0,0,0,0,0,0,0,0,0,0,0,26,50,67,112,155,196,260,327,398,482,561,644,739,816,897,1000,1143,1300,1459,1615,1761,1935,2172,2422,2631,2857,3090,3365,3655,3980,4222,4499,4818,5192,5568,6004,6590,5670,4962,4396,3803,3298,2802,2343,1910,1530,1192,968,758,579,427,328,236,175,126,78,47,32,16,12,7,4,1,0,0,0,0,0,0
74,0,0,0,0,0,0,0,0,0,0,0,0,0,0,0,0,0,0,0,0,0,0,22,37,78,119,156,203,267,333,408,486,560,644,715,796,890,991,1132,1268,1411,1543,1717,1913,2138,2327,2532,2759,2968,3210,3497,3721,3975,4263,4575,4929,5263,5670,6197,5338,4689,4060,3523,3006,2526,2070,1676,1299,1045,826,641,480,368,268,199,144,92,57,37,16,12,7,4,1,0,0,0,0,0,0
75,0,0,0,0,0,0,0,0,0,0,0,0,0,0,0,0,0,0,0,0,0,0,0,13,52,87,121,165,213,273,344,416,478,555,621,697,781,875,981,1107,1226,1343,1502,1685,1874,2037,2231,2449,2637,2830,3072,3275,3502,3760,4054,4347,4643,4962,5338,5840,5040,4329,3759,3211,2707,2234,1822,1431,1138,889,694,519,401,296,223,162,108,72,46,21,12,7,4,1,0,0,0,0,0,0
76,0,0,0,0,0,0,0,0,0,0,0,0,0,0,0,0,0,0,0,0,0,0,0,0,38,65,96,135,178,221,287,350,409,478,534,604,683,769,863,945,1048,1142,1288,1456,1624,1766,1943,2144,2317,2491,2679,2863,3060,3310,3585,3851,4114,4396,4689,5040,5507,4659,4007,3413,2883,2382,1963,1543,1231,964,741,556,430,324,245,182,120,79,52,24,13,8,5,1,0,0,0,0,0,0
77,0,0,0,0,0,0,0,0,0,0,0,0,0,0,0,0,0,0,0,0,0,0,0,0,0,23,53,88,123,165,206,264,318,381,431,489,564,645,730,803,865,954,1056,1206,1364,1497,1649,1816,1976,2147,2307,2443,2604,2828,3072,3314,3550,3803,4060,4329,4659,5087,4285,3628,3077,2558,2120,1688,1356,1074,827,615,473,360,276,201,136,91,61,31,20,12,6,2,1,1,1,0,0,0
78,0,0,0,0,0,0,0,0,0,0,0,0,0,0,0,0,0,0,0,0,0,0,0,0,0,0,29,58,87,125,164,201,251,309,353,409,471,542,619,680,736,788,884,1001,1140,1262,1399,1535,1677,1832,1976,2103,2213,2396,2621,2843,3063,3298,3523,3759,4007,4285,4656,3874,3260,2725,2259,1806,1452,1156,892,666,508,386,298,219,150,99,66,34,21,12,6,2,1,1,1,0,0,0
79,0,0,0,0,0,0,0,0,0,0,0,0,0,0,0,0,0,0,0,0,0,0,0,0,0,0,0,25,52,86,123,156,188,241,278,326,383,449,516,573,624,675,729,835,939,1048,1176,1292,1406,1534,1669,1780,1875,2017,2205,2396,2592,2802,3006,3211,3413,3628,3874,4228,3478,2887,2388,1917,1543,1232,961,723,553,420,319,238,166,110,70,38,24,15,7,3,1,1,1,0,0,0
80,0,0,0,0,0,0,0,0,0,0,0,0,0,0,0,0,0,0,0,0,0,0,0,0,0,0,0,0,23,52,83,113,147,174,212,254,306,363,420,468,515,558,610,665,756,847,957,1068,1165,1266,1381,1482,1573,1704,1825,1982,2149,2343,2526,2707,2883,3077,3260,3478,3794,3089,2549,2047,1654,1321,1040,790,610,462,344,256,177,117,76,43,27,18,8,3,1,1,1,0,0,0
81,0,0,0,0,0,0,0,0,0,0,0,0,0,0,0,0,0,0,0,0,0,0,0,0,0,0,0,0,0,24,51,77,110,133,158,197,239,290,339,380,419,457,500,549,592,673,760,859,947,1030,1113,1200,1282,1391,1494,1606,1740,1910,2070,2234,2382,2558,2725,2887,3089,3354,2698,2165,1749,1404,1112,840,645,490,362,259,182,120,78,43,27,18,8,3,1,1,1,0,0,0
82,0,0,0,0,0,0,0,0,0,0,0,0,0,0,0,0,0,0,0,0,0,0,0,0,0,0,0,0,0,0,22,44,73,95,118,135,168,210,257,293,328,358,391,438,474,515,592,669,752,827,896,963,1027,1126,1216,1314,1402,1530,1676,1822,1963,2120,2259,2388,2549,2698,2921,2286,1849,1482,1173,887,687,525,387,277,190,127,84,46,28,18,9,3,2,1,1,0,0,0
83,0,0,0,0,0,0,0,0,0,0,0,0,0,0,0,0,0,0,0,0,0,0,0,0,0,0,0,0,0,0,0,19,43,59,77,91,104,144,184,214,243,272,298,334,365,402,437,506,564,625,686,744,784,875,952,1040,1115,1192,1299,1431,1543,1688,1806,1917,2047,2165,2286,2464,1960,1565,1237,944,732,556,414,299,206,138,91,52,34,22,10,4,2,1,1,0,0,0
84,0,0,0,0,0,0,0,0,0,0,0,0,0,0,0,0,0,0,0,0,0,0,0,0,0,0,0,0,0,0,0,0,20,36,50,63,75,95,129,154,175,200,221,251,278,314,349,386,437,485,533,582,619,692,758,836,902,968,1045,1138,1231,1356,1452,1543,1654,1749,1849,1960,2123,1665,1308,1000,773,594,442,320,222,147,97,54,35,22,10,4,2,1,1,0,0,0
85,0,0,0,0,0,0,0,0,0,0,0,0,0,0,0,0,0,0,0,0,0,0,0,0,0,0,0,0,0,0,0,0,0,13,24,36,46,63,79,102,117,137,152,178,202,234,262,292,320,363,393,437,469,531,577,643,703,758,826,889,964,1074,1156,1232,1321,1404,1482,1565,1665,1834,1406,1075,829,639,478,348,247,162,106,61,42,27,14,7,2,1,1,0,0,0
86,0,0,0,0,0,0,0,0,0,0,0,0,0,0,0,0,0,0,0,0,0,0,0,0,0,0,0,0,0,0,0,0,0,0,10,19,27,41,52,69,78,92,102,126,144,167,190,218,241,254,280,315,343,393,436,486,534,579,641,694,741,827,892,961,1040,1112,1173,1237,1308,1406,1540,1154,886,679,509,372,264,175,115,64,42,27,14,7,2,1,1,0,0,0
87,0,0,0,0,0,0,0,0,0,0,0,0,0,0,0,0,0,0,0,0,0,0,0,0,0,0,0,0,0,0,0,0,0,0,0,3,9,20,29,43,46,59,66,84,98,118,133,155,174,187,193,218,238,276,314,356,390,427,480,519,556,615,666,723,790,840,887,944,1000,1075,1154,1250,941,716,541,393,282,189,127,72,48,30,15,7,2,1,1,0,0,0
88,0,0,0,0,0,0,0,0,0,0,0,0,0,0,0,0,0,0,0,0,0,0,0,0,0,0,0,0,0,0,0,0,0,0,0,0,5,13,20,33,36,45,50,69,80,93,107,126,140,151,156,170,188,210,241,274,302,328,368,401,430,473,508,553,610,645,687,732,773,829,886,941,1035,768,582,415,296,199,133,78,52,30,15,7,2,1,1,0,0,0
89,0,0,0,0,0,0,0,0,0,0,0,0,0,0,0,0,0,0,0,0,0,0,0,0,0,0,0,0,0,0,0,0,0,0,0,0,0,6,10,23,26,35,37,51,58,67,75,88,102,111,113,124,127,147,171,195,216,236,268,296,324,360,386,420,462,490,525,556,594,639,679,716,768,834,612,435,308,205,137,80,53,32,16,7,2,1,1,0,0,0
90,0,0,0,0,0,0,0,0,0,0,0,0,0,0,0,0,0,0,0,0,0,0,0,0,0,0,0,0,0,0,0,0,0,0,0,0,0,0,3,11,14,20,21,29,34,42,49,58,68,74,77,85,87,100,118,139,158,175,199,223,245,276,298,319,344,362,387,414,442,478,509,541,582,612,671,472,333,222,149,88,59,35,18,9,4,2,2,1,1,1
91,0,0,0,0,0,0,0,0,0,0,0,0,0,0,0,0,0,0,0,0,0,0,0,0,0,0,0,0,0,0,0,0,0,0,0,0,0,0,0,5,7,9,9,14,17,24,30,36,44,49,52,57,59,71,81,98,110,126,144,162,182,201,219,238,256,259,277,299,320,348,372,393,415,435,472,507,353,238,161,100,66,40,21,11,5,3,3,2,1,1
92,0,0,0,0,0,0,0,0,0,0,0,0,0,0,0,0,0,0,0,0,0,0,0,0,0,0,0,0,0,0,0,0,0,0,0,0,0,0,0,0,2,2,2,7,9,13,18,21,27,29,30,34,35,43,51,54,66,78,92,108,120,136,150,166,177,182,190,206,222,247,264,282,296,308,333,353,384,259,171,107,70,40,22,12,6,4,4,2,1,1
93,0,0,0,0,0,0,0,0,0,0,0,0,0,0,0,0,0,0,0,0,0,0,0,0,0,0,0,0,0,0,0,0,0,0,0,0,0,0,0,0,0,0,0,2,3,6,7,10,14,16,16,17,18,23,28,31,37,47,57,72,79,91,99,110,117,120,127,138,147,162,175,189,199,205,222,238,259,283,185,114,77,43,25,15,8,4,4,2,1,1
94,0,0,0,0,0,0,0,0,0,0,0,0,0,0,0,0,0,0,0,0,0,0,0,0,0,0,0,0,0,0,0,0,0,0,0,0,0,0,0,0,0,0,0,2,3,7,8,11,13,13,13,14,14,18,22,24,29,32,37,46,52,61,66,70,76,78,84,91,97,106,115,127,133,137,149,161,171,185,209,127,84,49,28,18,9,4,4,2,1,1
95,0,0,0,0,0,0,0,0,0,0,0,0,0,0,0,0,0,0,0,0,0,0,0,0,0,0,0,0,0,0,0,0,0,0,0,0,0,0,0,0,0,0,0,0,0,2,3,5,6,6,6,6,6,9,11,11,15,16,16,21,24,31,34,38,43,43,46,52,54,61,64,72,78,80,88,100,107,114,127,134,87,51,30,19,9,4,4,2,1,1
96,0,0,0,0,0,0,0,0,0,0,0,0,0,0,0,0,0,0,0,0,0,0,0,0,0,0,0,0,0,0,0,0,0,0,0,0,0,0,0,0,0,0,0,0,0,2,3,5,5,5,5,5,5,6,8,8,12,12,12,12,13,20,21,24,27,27,28,34,35,42,42,48,52,53,59,66,70,77,84,87,96,57,35,22,10,4,4,2,1,1
97,0,0,0,0,0,0,0,0,0,0,0,0,0,0,0,0,0,0,0,0,0,0,0,0,0,0,0,0,0,0,0,0,0,0,0,0,0,0,0,0,0,0,0,0,0,1,1,2,2,2,2,2,2,2,3,3,7,7,7,7,8,12,12,15,18,18,18,22,22,27,27,30,30,32,35,40,40,43,49,51,57,62,36,22,9,3,3,2,1,1
98,0,0,0,0,0,0,0,0,0,0,0,0,0,0,0,0,0,0,0,0,0,0,0,0,0,0,0,0,0,0,0,0,0,0,0,0,0,0,0,0,0,0,0,0,0,0,0,1,1,1,1,1,1,1,2,2,4,4,4,4,5,6,6,7,8,8,9,10,10,14,14,15,15,16,18,21,22,25,28,30,35,36,41,25,10,4,4,2,1,1
99,0,0,0,0,0,0,0,0,0,0,0,0,0,0,0,0,0,0,0,0,0,0,0,0,0,0,0,0,0,0,0,0,0,0,0,0,0,0,0,0,0,0,0,0,0,0,0,0,0,0,0,0,0,0,0,0,1,1,1,1,1,2,2,3,3,3,3,4,4,7,7,7,7,7,9,11,12,15,18,19,22,22,25,25,10,4,4,2,1,1
100,0,0,0,0,0,0,0,0,0,0,0,0,0,0,0,0,0,0,0,0,0,0,0,0,0,0,0,0,0,0,0,0,0,0,0,0,0,0,0,0,0,0,0,0,0,0,0,0,0,0,0,0,0,0,0,0,0,0,0,0,0,1,1,1,1,1,2,2,2,2,2,2,2,2,4,5,6,8,9,9,10,9,10,10,11,4,4,2,1,1
101,0,0,0,0,0,0,0,0,0,0,0,0,0,0,0,0,0,0,0,0,0,0,0,0,0,0,0,0,0,0,0,0,0,0,0,0,0,0,0,0,0,0,0,0,0,0,0,0,0,0,0,0,0,0,0,0,0,0,0,0,0,1,1,1,1,1,1,1,1,1,1,1,1,1,2,3,4,4,4,4,4,3,4,4,4,5,4,2,1,1
102,0,0,0,0,0,0,0,0,0,0,0,0,0,0,0,0,0,0,0,0,0,0,0,0,0,0,0,0,0,0,0,0,0,0,0,0,0,0,0,0,0,0,0,0,0,0,0,0,0,0,0,0,0,0,0,0,0,0,0,0,0,1,1,1,1,1,1,1,1,1,1,1,1,1,2,3,4,4,4,4,4,3,4,4,4,4,5,2,1,1
103,0,0,0,0,0,0,0,0,0,0,0,0,0,0,0,0,0,0,0,0,0,0,0,0,0,0,0,0,0,0,0,0,0,0,0,0,0,0,0,0,0,0,0,0,0,0,0,0,0,0,0,0,0,0,0,0,0,0,0,0,0,0,0,0,0,0,0,0,0,0,0,0,0,0,1,2,2,2,2,2,2,2,2,2,2,2,2,2,1,1
104,0,0,0,0,0,0,0,0,0,0,0,0,0,0,0,0,0,0,0,0,0,0,0,0,0,0,0,0,0,0,0,0,0,0,0,0,0,0,0,0,0,0,0,0,0,0,0,0,0,0,0,0,0,0,0,0,0,0,0,0,0,0,0,0,0,0,0,0,0,0,0,0,0,0,1,1,1,1,1,1,1,1,1,1,1,1,1,1,1,1
105,0,0,0,0,0,0,0,0,0,0,0,0,0,0,0,0,0,0,0,0,0,0,0,0,0,0,0,0,0,0,0,0,0,0,0,0,0,0,0,0,0,0,0,0,0,0,0,0,0,0,0,0,0,0,0,0,0,0,0,0,0,0,0,0,0,0,0,0,0,0,0,0,0,0,1,1,1,1,1,1,1,1,1,1,1,1,1,1,1,1